Country Name,Country Code,Indicator Name,Indicator Code,1960,1961,1962,1963,1964,1965,1966,1967,1968,1969,1970,1971,1972,1973,1974,1975,1976,1977,1978,1979,1980,1981,1982,1983,1984,1985,1986,1987,1988,1989,1990,1991,1992,1993,1994,1995,1996,1997,1998,1999,2000,2001,2002,2003,2004,2005,2006,2007,2008,2009,2010,2011,2012,2013,2014,2015,2016,2017,2018,2019,2020,2021
Aruba,ABW,"International tourism, number of departures",ST.INT.DPRT,,,,,,,,,,,,,,,,,,,,,,,,,,,,,,,,,,,,,,,,,,,,,,,,,,,,,,,,,,,,,,
Africa Eastern and Southern,AFE,"International tourism, number of departures",ST.INT.DPRT,,,,,,,,,,,,,,,,,,,,,,,,,,,,,,,,,,,,,,,,,,,,,,,,,,,,,,,,,,,,,,
Afghanistan,AFG,"International tourism, number of departures",ST.INT.DPRT,,,,,,,,,,,,,,,,,,,,,,,,,,,,,,,,,,,,,,,,,,,,,,,,,,,,,,,,,,,,,,
Africa Western and Central,AFW,"International tourism, number of departures",ST.INT.DPRT,,,,,,,,,,,,,,,,,,,,,,,,,,,,,,,,,,,,,,,,,,,,,,,,,,,,,,,,,,,,,,
Angola,AGO,"International tourism, number of departures",ST.INT.DPRT,,,,,,,,,,,,,,,,,,,,,,,,,,,,,,,,,,,,3000,3000,,,,,,,,,,,,,,,,,,,,,,,,,
Albania,ALB,"International tourism, number of departures",ST.INT.DPRT,,,,,,,,,,,,,,,,,,,,,,,,,,,,,,,,,,,,,,,,,,955000,1303000,1350000,1694000,2097000,2616000,2979000,3716000,3404000,3443000,4120000,3959000,3928000,4146000,4504000,4852000,5186000,5415000,5922000,2907000,
Andorra,AND,"International tourism, number of departures",ST.INT.DPRT,,,,,,,,,,,,,,,,,,,,,,,,,,,,,,,,,,,,,,,,,,,,,,,,,,,,,,,,,,,,,,
Arab World,ARB,"International tourism, number of departures",ST.INT.DPRT,,,,,,,,,,,,,,,,,,,,,,,,,,,,,,,,,,,,,,,,,,,,,,,,,,,,,,,,,,,,,,
United Arab Emirates,ARE,"International tourism, number of departures",ST.INT.DPRT,,,,,,,,,,,,,,,,,,,,,,,,,,,,,,,,,,,,,,,,,,,,,,,,,,,,,,,,17890000,18728000,18866000,18967000,18906000,6458000,
Argentina,ARG,"International tourism, number of departures",ST.INT.DPRT,,,,,,,,,,,,,,,,,,,,,,,,,,,,,,,,,,,,,,,,,,,,,4436000,4481000,4533000,4928000,5425000,5793000,6083000,7676000,8295000,9844000,10022000,13159000,18645000,21583000,18411000,15352000,,
Armenia,ARM,"International tourism, number of departures",ST.INT.DPRT,,,,,,,,,,,,,,,,,,,,,,,,,,,,,,,,,,,,,,,,,111000,110000,131000,169000,221000,269000,329000,468000,516000,526000,563000,715000,965000,1083000,1198000,1187000,1263000,1482000,1623000,1868000,346000,
American Samoa,ASM,"International tourism, number of departures",ST.INT.DPRT,,,,,,,,,,,,,,,,,,,,,,,,,,,,,,,,,,,,,,,,,,,,,,,,,,,,,,,,,,,,,,
Antigua and Barbuda,ATG,"International tourism, number of departures",ST.INT.DPRT,,,,,,,,,,,,,,,,,,,,,,,,,,,,,,,,,,,,,,,,,,,,,,,,,,,,,,,,,,,,,,
Australia,AUS,"International tourism, number of departures",ST.INT.DPRT,,,,,,,,,,,,,,,,,,,,,,,,,,,,,,,,,,,,2519000,2732000,2933000,3161000,3210000,3498000,3443000,3461000,3388000,4369000,4756000,4941000,5462000,5808000,6276000,7103000,7788000,8212000,9052000,9480000,9810000,10390000,10932000,11403000,11624000,2832000,
Austria,AUT,"International tourism, number of departures",ST.INT.DPRT,,,,,,,,,,,,,,,,,,,,,,,,,,,,,,,,,,,,,,,,,7528000,8350000,8266000,8384000,8371000,8206000,10042000,9876000,9677000,10121000,9882000,9874000,10960000,10671000,10994000,10628000,11534000,11491000,11043000,11902000,3964000,
Azerbaijan,AZE,"International tourism, number of departures",ST.INT.DPRT,,,,,,,,,,,,,,,,,,,,,,,,,,,,,,,,,,,,,432000,654000,1146000,1204000,1326000,1130000,1141000,1475000,1473000,1830000,1836000,1631000,2162000,2363000,3176000,3550000,3874000,4285000,4244000,4096000,4282000,4109000,4908000,5568000,1165000,
Burundi,BDI,"International tourism, number of departures",ST.INT.DPRT,,,,,,,,,,,,,,,,,,,,,,,,,,,,,,,,,,,,36000,35000,10000,16000,27000,28000,35000,,,,,,,,,,,,,,,,,,,,
Belgium,BEL,"International tourism, number of departures",ST.INT.DPRT,,,,,,,,,,,,,,,,,,,,,,,,,,,,,,,,,,,,,5645000,7548000,7776000,6410000,7932000,6570000,6773000,7268000,8783000,9327000,7852000,8371000,8887000,8775000,8801000,9727000,9576000,10803000,10991000,10835000,13372000,12142000,13098000,14191000,5850000,
Benin,BEN,"International tourism, number of departures",ST.INT.DPRT,,,,,,,,,,,,,,,,,,,,,,,,,,,,,,,,,,,,,,,,,,,,,,,,,,,,,,,,,,,,,,
Burkina Faso,BFA,"International tourism, number of departures",ST.INT.DPRT,,,,,,,,,,,,,,,,,,,,,,,,,,,,,,,,,,,,,,,,,,,,,,,,,,,,,,,,,,,,,,
Bangladesh,BGD,"International tourism, number of departures",ST.INT.DPRT,,,,,,,,,,,,,,,,,,,,,,,,,,,,,,,,,,,,830000,911000,866000,992000,1103000,1128000,1075000,1158000,1414000,1565000,1767000,1819000,2327000,875000,2254000,1913000,2127000,2273000,1460000,,,,,,,,
Bulgaria,BGR,"International tourism, number of departures",ST.INT.DPRT,,,,,,,,,,,,,,,,,,,,,,,,,,,,,,,,,,,,3524000,3006000,3059000,2592000,2376000,2337000,2730000,3188000,3403000,3882000,4235000,4180000,4515000,5727000,4993000,3676000,3803000,3758000,3930000,4158000,4632000,5392000,6228000,6699000,7007000,3973000,
Bahrain,BHR,"International tourism, number of departures",ST.INT.DPRT,,,,,,,,,,,,,,,,,,,,,,,,,,,,,,,,,,,,,,,,,,,,,,,,,,,,,,,,4741000,3293000,3136000,2868000,2950000,,
"Bahamas, The",BHS,"International tourism, number of departures",ST.INT.DPRT,,,,,,,,,,,,,,,,,,,,,,,,,,,,,,,,,,,,,,,,,,,,,,,,,,,,,,,,,,,,,,
Bosnia and Herzegovina,BIH,"International tourism, number of departures",ST.INT.DPRT,,,,,,,,,,,,,,,,,,,,,,,,,,,,,,,,,,,,,,,,,,,,,,,,,,,,,,,,,,,,,,
Belarus,BLR,"International tourism, number of departures",ST.INT.DPRT,,,,,,,,,,,,,,,,,,,,,,,,,,,,,,,,,,,,,,,,,4747000,4008000,6160000,6518000,6924000,6596000,6811000,7512000,6323000,6440000,7464000,7542000,8427000,8841000,7236000,6972000,8340000,9209000,9326000,9221000,2810000,
Belize,BLZ,"International tourism, number of departures",ST.INT.DPRT,,,,,,,,,,,,,,,,,,,,,,,,,,,,,,,,,,,,,,,,,,,,,,,,,,,,,,,,,,,,,,
Bermuda,BMU,"International tourism, number of departures",ST.INT.DPRT,,,,,,,,,,,,,,,,,,,,,,,,,,,,,,,,,,,,,,,,,,140000,145000,141000,156000,161000,170000,181000,192000,,,,,,,,,,,,,
Bolivia,BOL,"International tourism, number of departures",ST.INT.DPRT,,,,,,,,,,,,,,,,,,,,,,,,,,,,,,,,,,,,249000,269000,285000,299000,253000,201000,222000,217000,304000,346000,386000,472000,526000,589000,518000,604000,775000,788000,837000,932000,965000,940000,997000,1060000,1160000,432000,
Brazil,BRA,"International tourism, number of departures",ST.INT.DPRT,,,,,,,,,,,,,,,,,,,,,,,,,,,,,,,,,,,,2600000,3797000,4014000,4171000,2863000,3228000,2674000,2338000,3229000,2968000,3364000,3886000,4662000,5238000,4920000,6457000,7807000,8497000,8866000,9617000,9478000,8872000,10610000,10628000,,,
Barbados,BRB,"International tourism, number of departures",ST.INT.DPRT,,,,,,,,,,,,,,,,,,,,,,,,,,,,,,,,,,,,,,,,,,,,,,,,,,,,,,,,,,,,,,
Brunei Darussalam,BRN,"International tourism, number of departures",ST.INT.DPRT,,,,,,,,,,,,,,,,,,,,,,,,,,,,,,,,,,,,,,,,,,,,,,,,,,,,,,,,,,,,,,
Bhutan,BTN,"International tourism, number of departures",ST.INT.DPRT,,,,,,,,,,,,,,,,,,,,,,,,,,,,,,,,,,,,,,,,,,,,,,,,,,,,,,,,,,,,72000,,
Botswana,BWA,"International tourism, number of departures",ST.INT.DPRT,,,,,,,,,,,,,,,,,,,,,,,,,,,,,,,,,,,,,,,,,,,,,,,,,,,,,,,,,,,,,,
Central African Republic,CAF,"International tourism, number of departures",ST.INT.DPRT,,,,,,,,,,,,,,,,,,,,,,,,,,,,,,,,,,,,,,,,,,,5000,6000,7000,8000,11000,,,,38000,,,,,,,,,,,
Canada,CAN,"International tourism, number of departures",ST.INT.DPRT,,,,,,,,,,,,,,,,,,,,,,,,,,,,,,,,,,,,,,,,,,,,,,,46912000,50044000,51737000,47481000,53620000,61909000,65175000,65780000,63737000,55971000,52979000,54955000,38069000,37845898.44,,
Central Europe and the Baltics,CEB,"International tourism, number of departures",ST.INT.DPRT,,,,,,,,,,,,,,,,,,,,,,,,,,,,,,,,,,,,82137413.77,90797125.69,96995628.58,98540640.36,103358915.2,106599221.4,102537633.3,93740821.34,88685258.06,91533983.55,97852373.4,102510242.5,110142989.4,117756000,102817000,103082009,102137000,104157000,108876000,93128000,104174000,109447000,119458000,128530000,136609000,,
Switzerland,CHE,"International tourism, number of departures",ST.INT.DPRT,,,,,,,,,,,,,,,,,,,,,,,,,,,,,,,,,,,,,,,,,,,,17548000,,,,,17407000,16522000,15902000,18949000,20293000,20303000,19833000,22086000,21536000,22481000,24572000,19797000,,
Channel Islands,CHI,"International tourism, number of departures",ST.INT.DPRT,,,,,,,,,,,,,,,,,,,,,,,,,,,,,,,,,,,,,,,,,,,,,,,,,,,,,,,,,,,,,,
Chile,CHL,"International tourism, number of departures",ST.INT.DPRT,,,,,,,,,,,,,,,,,,,,,,,,,,,,,,,,,,,,,,,,,1528000,1340000,1444000,1509000,1727000,2031000,2264000,2451000,2317000,2359000,2737000,3220000,3448000,3674000,3842000,4103000,4269000,4367000,4605000,4091000,,
China Mainland,CHN_M,"International tourism, number of departures",ST.INT.DPRT,,,,,,,,,,,,,,,,,,,,,,,,,,,,,,,,,,,,4520000,5061000,5324000,8426000,9232000,10473000,12133000,16602000,20222000,28853000,31026000,34524000,40954000,45844000,47656000,57386000,70250000,83182000,98185000,116593000,127860000,135130000,143035000,149720000,154632000,20334000,
China,CHN,"International tourism, number of departures",ST.INT.DPRT,,,,,,,,,,,,,,,,,,,,,,,,,,,,,,,,,,,,4520000,5061000,5324000,56020000,62376000,69374000,73229000,81142000,81158000,97756000,103955000,110981000,122235000,128361000,130285000,142581000,155974000,169749000,184045000,202649000,218408000,228139000,235730000,243714000,251112000,28720000,
Cote d'Ivoire,CIV,"International tourism, number of departures",ST.INT.DPRT,,,,,,,,,,,,,,,,,,,,,,,,,,,,,,,,,,,,,,,,,,,,,,,,,,,,,,,,,,,,,,
Cameroon,CMR,"International tourism, number of departures",ST.INT.DPRT,,,,,,,,,,,,,,,,,,,,,,,,,,,,,,,,,,,,,,,,,,,,,,,,,,,,,,,,,,,,,,
"Congo, Dem. Rep.",COD,"International tourism, number of departures",ST.INT.DPRT,,,,,,,,,,,,,,,,,,,,,,,,,,,,,,,,,,,,,,,50000,50000,,,,,,,,,,,,,,,,356000,424000,,,,,
"Congo, Rep.",COG,"International tourism, number of departures",ST.INT.DPRT,,,,,,,,,,,,,,,,,,,,,,,,,,,,,,,,,,,,,,,,,,,,,,,,,,,,,161000,180000,,,,,,,,
Colombia,COL,"International tourism, number of departures",ST.INT.DPRT,,,,,,,,,,,,,,,,,,,,,,,,,,,,,,,,,,,,1057000,929000,1071000,1093000,1098000,1235000,1381000,1277000,1177000,1405000,1553000,,2028000,2042000,2122000,2342000,2522000,3169000,3605000,3911000,3862000,3795000,4017000,4368000,4479000,1275000,
Comoros,COM,"International tourism, number of departures",ST.INT.DPRT,,,,,,,,,,,,,,,,,,,,,,,,,,,,,,,,,,,,,,,,,,,,,,,,,,,,,,,,,,,,,,
Cabo Verde,CPV,"International tourism, number of departures",ST.INT.DPRT,,,,,,,,,,,,,,,,,,,,,,,,,,,,,,,,,,,,,,,,,,,,,,,,,,,,,,,,,,,,,,
Costa Rica,CRI,"International tourism, number of departures",ST.INT.DPRT,,,,,,,,,,,,,,,,,,,,,,,,,,,,,,,,,,,,273000,283000,288000,330000,353000,381000,361000,364000,373000,425000,487000,485000,577000,528000,579000,662000,717000,773000,790000,798000,919000,1036000,1150000,1079000,1153000,324000,
Caribbean small states,CSS,"International tourism, number of departures",ST.INT.DPRT,,,,,,,,,,,,,,,,,,,,,,,,,,,,,,,,,,,,,,,,,,,,,,,,,,,,,,,,,,,,,,
Cuba,CUB,"International tourism, number of departures",ST.INT.DPRT,,,,,,,,,,,,,,,,,,,,,,,,,,,,,,,,,,,,72000,72000,83000,94000,97000,139000,121000,111000,113000,124000,162000,199000,194000,202000,206000,251000,253000,213000,286000,355000,580000,385000,459000,552000,650000,271000,
Curacao,CUW,"International tourism, number of departures",ST.INT.DPRT,,,,,,,,,,,,,,,,,,,,,,,,,,,,,,,,,,,,,,,,,,,,,,,,,,,,,,,,,,,,,,
Cayman Islands,CYM,"International tourism, number of departures",ST.INT.DPRT,,,,,,,,,,,,,,,,,,,,,,,,,,,,,,,,,,,,,,,,,,,,,,,,,,,,,,,,,,,,,,
Cyprus,CYP,"International tourism, number of departures",ST.INT.DPRT,,,,,,,,,,,,,,,,,,,,,,,,,,,,,,,,,,,,360000,365000,422000,484000,540000,588000,684000,744000,737000,859000,914000,932000,1081000,1210000,1172000,1246000,1209000,1194000,1115000,1209000,1119000,1268000,1407000,1446000,1578000,,
Czechia,CZE,"International tourism, number of departures",ST.INT.DPRT,,,,,,,,,,,,,,,,,,,,,,,,,,,,,,,,,,,,,,,,,,,,7213000,6643000,6963000,6393000,9048000,9665000,8904000,8673000,5279000,5419000,5781000,5651000,5856000,6027000,6775000,7390000,7346000,2399000,
Germany,DEU,"International tourism, number of departures",ST.INT.DPRT,,,,,,,,,,,,,,,,,,,,,,,,,,,,,,,,,,,,,,55800000,69200000,78100000,80507000,81551000,80393000,85345000,84859000,86622000,81801000,82099000,86201000,85547000,85872000,84692000,82729000,87459000,83008000,83737000,90966000,92402000,108542000,99533000,,
Djibouti,DJI,"International tourism, number of departures",ST.INT.DPRT,,,,,,,,,,,,,,,,,,,,,,,,,,,,,,,,,,,,,,,,,,,,,,,,,,,,,,,,,,,,,,
Dominica,DMA,"International tourism, number of departures",ST.INT.DPRT,,,,,,,,,,,,,,,,,,,,,,,,,,,,,,,,,,,,,,,,,,,,,,,,,,,,,,,,,,,,,,
Denmark,DNK,"International tourism, number of departures",ST.INT.DPRT,,,,,,,,,,,,,,,,,,,,,,,,,,,,,,,,,,,,,5035000,4693000,4788000,4744000,5011000,4946000,4935000,5564000,4630000,5469000,6129000,6564000,6347000,7037000,7726000,7846000,7843000,6977000,8528000,8991000,9651000,8087000,7475000,9088000,4230000,
Dominican Republic,DOM,"International tourism, number of departures",ST.INT.DPRT,,,,,,,,,,,,,,,,,,,,,,,,,,,,,,,,,,,,168000,358000,355000,354000,363000,360000,331000,332000,321000,368000,419000,420000,443000,413000,415000,401000,408000,418000,392000,427000,478000,500000,522000,514000,532000,210000,
Algeria,DZA,"International tourism, number of departures",ST.INT.DPRT,,,,,,,,,,,,,,,,,,,,,,,,,,,,,,,,,,,,1090000,874000,827000,879000,903000,1006000,1190000,1257000,1254000,1417000,1513000,1349000,1499000,1539000,1677000,1757000,1715000,1911000,2136000,2839000,3638000,4530000,5058000,5610000,5732000,1386000,
East Asia & Pacific (excluding high income),EAP,"International tourism, number of departures",ST.INT.DPRT,,,,,,,,,,,,,,,,,,,,,,,,,,,,,,,,,,,,18494984.16,20926449.31,22684010.77,24104615.19,25027607.57,28789531.07,33607829.6,33183645.03,36835527.58,42046888.86,45651720.96,51794241.93,60451886.13,66226942.19,67897762.07,81845597.38,97463919.67,113847239.7,133004491.8,155347356.6,170248441.2,181136727.2,192151378.1,202247515.9,210530956.3,,
Early-demographic dividend,EAR,"International tourism, number of departures",ST.INT.DPRT,,,,,,,,,,,,,,,,,,,,,,,,,,,,,,,,,,,,169917270.9,172629924,180068587.7,183401081.8,198868894.3,216559415.8,212440258.9,215405027,216755688.1,231847307.9,238161620.7,231161562.8,220452989.4,220696425.1,212055993.4,233443159.9,230622330.1,240569262.8,262592017.4,268751796.4,291665952.6,312536177.8,323293789.7,309760109.9,309162984.6,,
East Asia & Pacific,EAS,"International tourism, number of departures",ST.INT.DPRT,,,,,,,,,,,,,,,,,,,,,,,,,,,,,,,,,,,,93487907.38,105058885.9,111012952.2,110742415.3,119896552.5,134784939.1,142852067,146849553.8,144565260.1,168503338.3,178980034.5,191973606.5,209160640,214079069.4,212759734,236680060.3,254609640.2,275983951.2,296517180.4,321003450.4,345737393.8,366330196.1,384699656.3,402010474.2,415489956.3,,
Europe & Central Asia (excluding high income),ECA,"International tourism, number of departures",ST.INT.DPRT,,,,,,,,,,,,,,,,,,,,,,,,,,,,,,,,,,,,,,,,,,,,,76738619.4,85797832.22,91548425.84,100443508.9,104726021.9,102230776.3,110297645.2,123276429.9,132546898.1,147039143.7,136995126.8,129803442.2,133101122.5,153450258.7,165722068,174307497.9,,
Europe & Central Asia,ECS,"International tourism, number of departures",ST.INT.DPRT,,,,,,,,,,,,,,,,,,,,,,,,,,,,,,,,,,,,,,373271895.5,406716446.7,431290829.6,457405981.2,453096545.8,457281193.3,467949386.2,477522968.1,504648379.4,516208188.5,543821360.1,562146928.2,539873168,554242170.5,573579334.7,585069762.8,608350743.4,587759571.4,604738772.9,626599435.2,682564892.6,729507921.2,740715759.5,,
Ecuador,ECU,"International tourism, number of departures",ST.INT.DPRT,,,,,,,,,,,,,,,,,,,,,,,,,,,,,,,,,,,,271000,275000,321000,330000,386000,520000,562000,627000,613000,603000,664000,733000,801000,815000,814000,899000,1022000,1022000,1138000,1096000,1221000,1366000,1347000,1402000,1515000,,
"Egypt, Arab Rep.",EGY,"International tourism, number of departures",ST.INT.DPRT,,,,,,,,,,,,,,,,,,,,,,,,,,,,,,,,,,,,,,,,,,,,,,,,,,4716000,4618000,4863000,5678000,5782000,6180000,,,,,,,
Euro area,EMU,"International tourism, number of departures",ST.INT.DPRT,,,,,,,,,,,,,,,,,,,,,,,,,,,,,,,,,,,,,,176496888.4,200805328.6,213458179.8,222897314.8,223258385.5,227220660.5,237311634.4,232662990.3,241460247.1,240206221.4,251318903.5,261350173.5,260250412,261465779.2,263529591.1,259790000,262622000,265842000,271600000,285847000,311204000,338485601.6,337838000,,
Eritrea,ERI,"International tourism, number of departures",ST.INT.DPRT,,,,,,,,,,,,,,,,,,,,,,,,,,,,,,,,,,,,,,,,,,,,,,,,,,,,,,,,,,,,,,
Spain,ESP,"International tourism, number of departures",ST.INT.DPRT,,,,,,,,,,,,,,,,,,,,,,,,,,,,,,,,,,,,,,,,,,,,,,,,12709000,13042000,13754000,14254000,15944000,14916000,13434000,13952000,17625000,18277000,20274000,22287000,22816000,6236000,
Estonia,EST,"International tourism, number of departures",ST.INT.DPRT,,,,,,,,,,,,,,,,,,,,,,,,,,,,,,,,,,,,1764000,1547000,1616000,1659000,1780000,1800000,1658000,1849000,2075000,,,438000,677000,692000,752000,955000,1054000,1147000,1166000,1426000,1250000,1339000,1279000,2069000,1702000,558000,
Ethiopia,ETH,"International tourism, number of departures",ST.INT.DPRT,,,,,,,,,,,,,,,,,,,,,,,,,,,,,,,,,,,,120000,133000,,,,,,,,,,,,,,,,,,,,,,,,,
European Union,EUU,"International tourism, number of departures",ST.INT.DPRT,,,,,,,,,,,,,,,,,,,,,,,,,,,,,,,,,,,,,,271484135.2,296369930.6,312875355.6,325163288.8,321405897,316687650.4,322010732.5,319207224.2,334631056.4,338891792,359820729.5,376994649.5,362275414.4,364844521.7,364843479.1,365610235.1,372957185.8,360809409.4,378470722,397789572.1,431349338.1,461906449.3,468662306.3,,
Fragile and conflict affected situations,FCS,"International tourism, number of departures",ST.INT.DPRT,,,,,,,,,,,,,,,,,,,,,,,,,,,,,,,,,,,,,,,,,,,,,,,,,,,,,,,,,,,,,,
Finland,FIN,"International tourism, number of departures",ST.INT.DPRT,,,,,,,,,,,,,,,,,,,,,,,,,,,,,,,,,,,,,,,,,,,,,,6668000,6428000,6413000,6566000,6693000,7485000,8238000,9978000,9526000,9783000,10022000,10278000,10480000,10480000,10440000,2690000,
Fiji,FJI,"International tourism, number of departures",ST.INT.DPRT,,,,,,,,,,,,,,,,,,,,,,,,,,,,,,,,,,,,68000,72000,74000,78000,89000,83000,85000,99000,104000,94000,109000,121000,120000,124000,125000,128000,132000,132000,,,,156000,169000,174000,174000,,
France,FRA,"International tourism, number of departures",ST.INT.DPRT,,,,,,,,,,,,,,,,,,,,,,,,,,,,,,,,,,,,,,,,,,,,,,,27107000,33144000,30960000,30646000,29973000,31153000,29642000,30457000,31941000,30608000,29636000,44265000,48069000,49276000,21287000,
Faroe Islands,FRO,"International tourism, number of departures",ST.INT.DPRT,,,,,,,,,,,,,,,,,,,,,,,,,,,,,,,,,,,,,,,,,,,,,,,,,,,,,,,,,,,,,,
"Micronesia, Fed. Sts.",FSM,"International tourism, number of departures",ST.INT.DPRT,,,,,,,,,,,,,,,,,,,,,,,,,,,,,,,,,,,,,,,,,,,,,,,,,,,,,,,,,,,,,,
Gabon,GAB,"International tourism, number of departures",ST.INT.DPRT,,,,,,,,,,,,,,,,,,,,,,,,,,,,,,,,,,,,,,,203000,187000,168000,189000,219000,236000,,,,,,,,,,,,,,,,,,
United Kingdom,GBR,"International tourism, number of departures",ST.INT.DPRT,,,,,,,,,,,,,,,,,,,,,,,,,,,,,,,,,,,,41345000,42050000,45957000,50872000,53881000,56837000,58281000,59377000,61424000,64194000,66494000,69536000,69450000,69011000,63513000,64647000,67493000,66858000,68959000,72204000,77619000,81757000,87242000,90571000,93086000,23827000,
Georgia,GEO,"International tourism, number of departures",ST.INT.DPRT,,,,,,,,,,,,,,,,,,,,,,,,,,,,,,,,,,,,228000,219000,355000,433000,373000,315000,306000,317000,,466000,857000,1346000,1473000,1872000,1980000,2086000,2237000,2734000,3220000,3106000,3136000,3400000,3851000,3698000,3780000,,
Ghana,GHA,"International tourism, number of departures",ST.INT.DPRT,,,,,,,,,,,,,,,,,,,,,,,,,,,,,,,,,,,,,,,,,,,,,,,,,,,,,,,,,,,,,,
Gibraltar,GIB,"International tourism, number of departures",ST.INT.DPRT,,,,,,,,,,,,,,,,,,,,,,,,,,,,,,,,,,,,,,,,,,,,,,,,,,,,,,,,,,,,,,
Guinea,GIN,"International tourism, number of departures",ST.INT.DPRT,,,,,,,,,,,,,,,,,,,,,,,,,,,,,,,,,,,,,,,,,,,,,,,,,,,,,,,,,,,,,,
"Gambia, The",GMB,"International tourism, number of departures",ST.INT.DPRT,,,,,,,,,,,,,,,,,,,,,,,,,,,,,,,,,,,,,,,,,,,,,,387000,307000,,,,,,,,,,,,,,,
Guinea-Bissau,GNB,"International tourism, number of departures",ST.INT.DPRT,,,,,,,,,,,,,,,,,,,,,,,,,,,,,,,,,,,,,,,,,,,,,,,,,,,,,,,,,,,,,,
Equatorial Guinea,GNQ,"International tourism, number of departures",ST.INT.DPRT,,,,,,,,,,,,,,,,,,,,,,,,,,,,,,,,,,,,,,,,,,,,,,,,,,,,,,,,,,,,,,
Greece,GRC,"International tourism, number of departures",ST.INT.DPRT,,,,,,,,,,,,,,,,,,,,,,,,,,,,,,,,,,,,,,,,,,,,,,,,,3765000,3835000,3799000,4941000,4681000,4594000,5802000,6291000,7235000,7685000,7961000,7848000,2324000,
Grenada,GRD,"International tourism, number of departures",ST.INT.DPRT,,,,,,,,,,,,,,,,,,,,,,,,,,,,,,,,,,,,,,,,,,,,,,,,,,,,,,,,,,,,,,
Greenland,GRL,"International tourism, number of departures",ST.INT.DPRT,,,,,,,,,,,,,,,,,,,,,,,,,,,,,,,,,,,,,,,,,,,,,,,,,,,,,,,,,,,,,,
Guatemala,GTM,"International tourism, number of departures",ST.INT.DPRT,,,,,,,,,,,,,,,,,,,,,,,,,,,,,,,,,,,,333000,333000,331000,391000,485000,488000,580000,629000,658000,854000,982000,1055000,1168000,1277000,651000,694000,718000,721000,846000,992000,1130000,1195000,1328000,1538000,1703000,507799.9878,
Guam,GUM,"International tourism, number of departures",ST.INT.DPRT,,,,,,,,,,,,,,,,,,,,,,,,,,,,,,,,,,,,,,,,,,,,,,,,,,,,,,,,,,,,,,
Guyana,GUY,"International tourism, number of departures",ST.INT.DPRT,,,,,,,,,,,,,,,,,,,,,,,,,,,,,,,,,,,,,,,,,,,,,,,,,,,,,,,,,,,,,,
High income,HIC,"International tourism, number of departures",ST.INT.DPRT,,,,,,,,,,,,,,,,,,,,,,,,,,,,,,,,,,,,,,,574878939,610109478.4,644643750.3,639396289.9,638005764.7,627229194.3,655857600.3,683101339.8,780689372.2,806033509.5,816213734.5,783266709.2,811128570.1,819893615.5,838746662.1,857227623.5,850607288,889669300.9,928589865.8,982228992.4,1016965040,1037956546,,
Honduras,HND,"International tourism, number of departures",ST.INT.DPRT,,,,,,,,,,,,,,,,,,,,,,,,,,,,,,,,,,,,,,,,,,,,,,,,,,,1090000,1092000,1072000,1055000,1065000,1150000,1121000,727000,703000,,,
Heavily indebted poor countries (HIPC),HPC,"International tourism, number of departures",ST.INT.DPRT,,,,,,,,,,,,,,,,,,,,,,,,,,,,,,,,,,,,,,,,,,,,,,,,,,,,,,,,,,,,,,
Croatia,HRV,"International tourism, number of departures",ST.INT.DPRT,,,,,,,,,,,,,,,,,,,,,,,,,,,,,,,,,,,,,,,,,,,,,,,,,4393000,4823000,,5526000,5159000,5444000,4638000,4355000,2581000,2597000,2980000,3500000,678000,
Haiti,HTI,"International tourism, number of departures",ST.INT.DPRT,,,,,,,,,,,,,,,,,,,,,,,,,,,,,,,,,,,,,,,,,,,,,,,,,,,,,,,,,,,,,,
Hungary,HUN,"International tourism, number of departures",ST.INT.DPRT,,,,,,,,,,,,,,,,,,,,,,,,,,,,,,,,,,,,13083000,12064000,12173000,12317000,10622000,11065000,11167000,12966000,14283000,17558000,17759000,16597000,17056000,17162000,16640000,16082000,16634000,16143000,16038000,16340000,17276000,18895000,20297000,22805000,24860000,12727000,
IBRD only,IBD,"International tourism, number of departures",ST.INT.DPRT,,,,,,,,,,,,,,,,,,,,,,,,,,,,,,,,,,,,247904374.3,252677907.8,265763513.1,271890833.8,291678524.1,320226254.6,320107966.7,316976995.4,319711392.9,343892395.1,363007459.7,373979327.9,384376425.2,399957489.9,375531747.2,400055012.1,429376700,463213880.3,509920169.7,505478327.8,534814850.5,561469376.8,600371930,606878384.5,624278730.5,,
IDA & IBRD total,IBT,"International tourism, number of departures",ST.INT.DPRT,,,,,,,,,,,,,,,,,,,,,,,,,,,,,,,,,,,,316501877.4,322608592.5,339747236,348168650.5,374300252.2,411277764.4,410559346,406836756.1,411858892.5,443665411.8,469153653.7,483202009.3,498467960.6,517364292.9,488378973.4,519544732.2,560021930.8,604687544.2,667710870,662446774,700888228.5,732541192.5,783131240.4,799318916.1,819595044.7,,
IDA total,IDA,"International tourism, number of departures",ST.INT.DPRT,,,,,,,,,,,,,,,,,,,,,,,,,,,,,,,,,,,,,,,,,,,,,,,,,,,,,,,,,,,,,,
IDA blend,IDB,"International tourism, number of departures",ST.INT.DPRT,,,,,,,,,,,,,,,,,,,,,,,,,,,,,,,,,,,,,,,,,,,,,,,,,,,,,,,,,,,,,,
Indonesia,IDN,"International tourism, number of departures",ST.INT.DPRT,,,,,,,,,,,,,,,,,,,,,,,,,,,,,,,,,,,,,,,,,2205000,2505000,3231000,3478000,3941000,4106000,4967000,5158000,5486000,5053000,6235000,6750000,7454000,8025000,8074000,8176000,8340000,8856000,9468000,11689000,2918000,
IDA only,IDX,"International tourism, number of departures",ST.INT.DPRT,,,,,,,,,,,,,,,,,,,,,,,,,,,,,,,,,,,,,,,,,,,,,,,,,,,,,,,,,,,,,,
Isle of Man,IMN,"International tourism, number of departures",ST.INT.DPRT,,,,,,,,,,,,,,,,,,,,,,,,,,,,,,,,,,,,,,,,,,,,,,,,,,,,,,,,,,,,,,
India,IND,"International tourism, number of departures",ST.INT.DPRT,,,,,,,,,,,,,,,,,,,,,,,,,,,,,,,,,,,,3056000,3464000,3726000,3811000,4115000,4416000,4564000,4940000,5351000,6213000,7185000,8340000,9783000,10868000,11067000,12988000,13994000,14920000,16626000,18330000,20376000,21872000,23943000,26296000,26915000,,
Not classified,INX,"International tourism, number of departures",ST.INT.DPRT,,,,,,,,,,,,,,,,,,,,,,,,,,,,,,,,,,,,,,,,,,,,,,,,,,,,,,,,,,,,,,
Ireland,IRL,"International tourism, number of departures",ST.INT.DPRT,,,,,,,,,,,,,,,,,,,,,,,,,,,,,,,,,,,,2547000,2733000,3053000,3330000,3576000,3783000,4216000,4634000,4929000,5409000,6113000,6848000,7713000,7877000,7047000,6917000,6514000,6600000,6579000,6676000,7094000,7646000,8171000,8643000,9350000,2326000,
"Iran, Islamic Rep.",IRN,"International tourism, number of departures",ST.INT.DPRT,,,,,,,,,,,,,,,,,,,,,,,,,,,,,,,,,,,,,,,,,,,,,,,,,,,,,,,7698000,6620000,9007000,10543000,7243000,,1550000,
Iraq,IRQ,"International tourism, number of departures",ST.INT.DPRT,,,,,,,,,,,,,,,,,,,,,,,,,,,,,,,,,,,,,,,,,,,,,,,,,,,,,,,,,,,,,,
Iceland,ISL,"International tourism, number of departures",ST.INT.DPRT,,,,,,,,,,,,,,,,,,,,,,,,,,,,,,,,,,,,166000,190000,203000,227000,257000,283000,,,,,364000,440000,460000,414000,259000,299000,341000,358000,365000,400000,450000,536000,619000,668000,611000,130000,
Israel,ISR,"International tourism, number of departures",ST.INT.DPRT,,,,,,,,,,,,,,,,,,,,,,,,,,,,,,,,,,,,2259000,2505000,2707000,2983000,3203000,3530000,3561000,3273000,3299000,3614000,3687000,3713000,4147000,4207000,4007000,4269000,4387000,4349000,4757000,5181000,5891000,6781000,7597000,8473000,9179000,,
Italy,ITA,"International tourism, number of departures",ST.INT.DPRT,,,,,,,,,,,,,,,,,,,,,,,,,,,,,,,,,,,,,,40196000,42431000,42390000,44628000,43611000,44660000,46357000,40400000,43407000,46369000,49166000,54421000,54839000,55304000,52617000,53338000,52633000,55169000,57418000,57480000,60042000,61194601.56,62207000,21448000,
Jamaica,JAM,"International tourism, number of departures",ST.INT.DPRT,,,,,,,,,,,,,,,,,,,,,,,,,,,,,,,,,,,,,,,,,,,,,,,,,,,,,,,,,,,,,,
Jordan,JOR,"International tourism, number of departures",ST.INT.DPRT,,,,,,,,,,,,,,,,,,,,,,,,,,,,,,,,,,,,1128000,1141000,1233000,1347000,1561000,1625000,1755000,1276000,1229000,1420000,1523000,2139000,2094000,1972000,2054000,2708000,1931000,1567000,1498000,1230000,,1511000,1592000,1501000,1537000,406000,
Japan,JPN,"International tourism, number of departures",ST.INT.DPRT,,,,,,,,,,,,,,,,,,,,,,,,,,,,,,,,,,,,15298000,16695000,16803000,15806000,16358000,17819000,16216000,16523000,13296000,16831000,17404000,17535000,17295000,15987000,15446000,16637000,16994000,18491000,17473000,16903000,16214000,17116000,17889000,18954000,20081000,3174000,
Kazakhstan,KAZ,"International tourism, number of departures",ST.INT.DPRT,,,,,,,,,,,,,,,,,,,,,,,,,,,,,,,,,,,,,,,,,,,,,,,3688000,4544000,4330000,5423000,6019000,8020000,9066000,10144000,10450000,11303000,9756000,10261000,10646000,10707000,2865000,
Kenya,KEN,"International tourism, number of departures",ST.INT.DPRT,,,,,,,,,,,,,,,,,,,,,,,,,,,,,,,,,,,,,,,,,,,,,,,,,,,,,,,,,,,,,,
Kyrgyz Republic,KGZ,"International tourism, number of departures",ST.INT.DPRT,,,,,,,,,,,,,,,,,,,,,,,,,,,,,,,,,,,,,,,,,,,,,,,,,2273000,2354000,1342000,3061000,3621000,3993000,3790000,4008000,4185000,4446000,6839000,5314000,,
Cambodia,KHM,"International tourism, number of departures",ST.INT.DPRT,,,,,,,,,,,,,,,,,,,,,,,,,,,,,,,,,,,,31000,38000,45000,41000,49000,41000,37000,45000,60000,239000,568000,787000,996000,786000,340000,505000,710000,792000,872000,956000,1194000,1434000,1752000,1995000,2038000,326000,
Kiribati,KIR,"International tourism, number of departures",ST.INT.DPRT,,,,,,,,,,,,,,,,,,,,,,,,,,,,,,,,,,,,,,,,,,,,,,,,,,,,,,,,,,,,,,
St. Kitts and Nevis,KNA,"International tourism, number of departures",ST.INT.DPRT,,,,,,,,,,,,,,,,,,,,,,,,,,,,,,,,,,,,,,,,,,,,,,,,,,,,,,,,,,,,,,
"Korea, Rep.",KOR,"International tourism, number of departures",ST.INT.DPRT,,,,,,,,,,,,,,,,,,,,,,,,,,,,,,,,,,,,3819000,4649000,4542000,3067000,4342000,5508000,6084000,7123000,7086000,8826000,10080000,11610000,13325000,11996000,9494000,12488000,12694000,13737000,14846000,16081000,19310000,22383000,26496000,28696000,28714000,4276000,
Kuwait,KWT,"International tourism, number of departures",ST.INT.DPRT,,,,,,,,,,,,,,,,,,,,,,,,,,,,,,,,,,,,878000,1051000,1097000,1264000,1209000,1236000,1666000,1725000,1774000,1928000,2173000,2529000,2649000,,,,,,,,,,,,,,
Latin America & Caribbean (excluding high income),LAC,"International tourism, number of departures",ST.INT.DPRT,,,,,,,,,,,,,,,,,,,,,,,,,,,,,,,,,,,,118763398.8,120644690.1,125441388.4,126801839.7,135650716.2,147337198.1,143515183.6,144402340.5,143844760.8,151105183.5,152058277.4,146278940.6,134739323.4,133965255.3,123534765.6,119555534.8,119714980.5,121265205,127945469,130017235.5,138914310.3,147427686.5,149322519.6,138523410.9,132353711,,
Lao PDR,LAO,"International tourism, number of departures",ST.INT.DPRT,,,,,,,,,,,,,,,,,,,,,,,,,,,,,,,,,,,,,,,,,,,,,,,,,,,1686000,1788000,2052000,2857000,3320000,3067000,3059000,3049000,3207000,2690000,707000,
Lebanon,LBN,"International tourism, number of departures",ST.INT.DPRT,,,,,,,,,,,,,,,,,,,,,,,,,,,,,,,,,,,,,,,,,,,,,,,,,,,,,,,,,,,,,,
Liberia,LBR,"International tourism, number of departures",ST.INT.DPRT,,,,,,,,,,,,,,,,,,,,,,,,,,,,,,,,,,,,,,,,,,,,,,,,,,,,,,,,,,,,,,
Libya,LBY,"International tourism, number of departures",ST.INT.DPRT,,,,,,,,,,,,,,,,,,,,,,,,,,,,,,,,,,,,484000,493000,650000,,,,,,,,,,,,,,,,,,,,,,,,
St. Lucia,LCA,"International tourism, number of departures",ST.INT.DPRT,,,,,,,,,,,,,,,,,,,,,,,,,,,,,,,,,,,,,,,,,,,,,,,,,,,,,,,,,,,,,,
Latin America & Caribbean,LCN,"International tourism, number of departures",ST.INT.DPRT,,,,,,,,,,,,,,,,,,,,,,,,,,,,,,,,,,,,122587874.3,124397030.8,129286514.7,131080097.5,140035995.9,152083148.4,147966602.3,148796394.3,148266969.7,155920936.3,157601258.8,152165563.9,141098688.9,140636724.3,129886598,126208450.3,127572515.4,129608833,137178744.1,139146199.5,148044581,156262752.7,157876705.2,147336636.6,140808231.3,,
Least developed countries: UN classification,LDC,"International tourism, number of departures",ST.INT.DPRT,,,,,,,,,,,,,,,,,,,,,,,,,,,,,,,,,,,,,,,,,,,,,,,,,,,,,,,,,,,,,,
Low income,LIC,"International tourism, number of departures",ST.INT.DPRT,,,,,,,,,,,,,,,,,,,,,,,,,,,,,,,,,,,,,,,,,,,,,,,,,,,,,,,,,,,,,,
Liechtenstein,LIE,"International tourism, number of departures",ST.INT.DPRT,,,,,,,,,,,,,,,,,,,,,,,,,,,,,,,,,,,,,,,,,,,,,,,,,,,,,,,,,,,,,,
Sri Lanka,LKA,"International tourism, number of departures",ST.INT.DPRT,,,,,,,,,,,,,,,,,,,,,,,,,,,,,,,,,,,,504000,494000,531000,518000,497000,524000,505000,533000,561000,680000,727000,757000,862000,966000,963000,1122000,1239000,1269000,1262000,1311000,1356000,1448000,1439000,1476000,1441000,305000,
Lower middle income,LMC,"International tourism, number of departures",ST.INT.DPRT,,,,,,,,,,,,,,,,,,,,,,,,,,,,,,,,,,,,,,,,,,,,,,,,,,,,,,,,,,,,,,
Low & middle income,LMY,"International tourism, number of departures",ST.INT.DPRT,,,,,,,,,,,,,,,,,,,,,,,,,,,,,,,,,,,,263600200.3,257966834.1,269640322.4,276517869,294310725,329000990.5,333619759.7,340879864.2,354603785,388092539.3,407499032.4,415532558.1,425958912.2,440703404.6,426014867.5,451766534.8,489755957.1,527665336.7,583907367.5,603896267.7,629577760.3,664533519.8,713073639.6,725777306.2,743168143.2,,
Lesotho,LSO,"International tourism, number of departures",ST.INT.DPRT,,,,,,,,,,,,,,,,,,,,,,,,,,,,,,,,,,,,,,,,,,,,,,,,,,,,,,,,,,,,,,
Late-demographic dividend,LTE,"International tourism, number of departures",ST.INT.DPRT,,,,,,,,,,,,,,,,,,,,,,,,,,,,,,,,,,,,101419542.3,104477830.3,111629729.5,116228580.7,123988966.3,137883028.7,141458819.9,134483833.4,136994938.5,148763315,165706335.4,181187456.5,206388068.2,223951463.1,207135764.3,229873413.1,258667721,287320326,319353415.5,315858060.9,329660116.7,340219982.9,371666562.7,393163875.6,409178637.3,,
Lithuania,LTU,"International tourism, number of departures",ST.INT.DPRT,,,,,,,,,,,,,,,,,,,,,,,,,,,,,,,,,,,,,,,,,,,,,,,4362000,3627000,3847000,3639000,4311000,4020000,4108000,4228000,4292000,3981000,4143000,4294000,4702000,4881000,1643000,
Luxembourg,LUX,"International tourism, number of departures",ST.INT.DPRT,,,,,,,,,,,,,,,,,,,,,,,,,,,,,,,,,,,,,,694000,757000,809000,950000,923000,1049000,1021000,1100000,1185000,1084000,1132000,1190000,1362000,1237000,1643000,1580000,1624000,1815000,1702000,1588000,2346000,2510000,2548000,1460000,
Latvia,LVA,"International tourism, number of departures",ST.INT.DPRT,,,,,,,,,,,,,,,,,,,,,,,,,,,,,,,,,,,,1812000,1798000,1877000,1961000,2256000,2596000,2697000,2306000,2286000,2457000,2959000,3151000,3398000,3782000,3268000,3332000,3257000,1830000,1776000,1846000,1720000,1939000,2055000,2175000,2384000,690000,
St. Martin (French part),MAF,"International tourism, number of departures",ST.INT.DPRT,,,,,,,,,,,,,,,,,,,,,,,,,,,,,,,,,,,,,,,,,,,,,,,,,,,,,,,,,,,,,,
Morocco,MAR,"International tourism, number of departures",ST.INT.DPRT,,,,,,,,,,,,,,,,,,,,,,,,,,,,,,,,,,,,1317000,1212000,1203000,1275000,1545000,1508000,1701000,1533000,1612000,1603000,2247000,2135000,2669000,3421000,2293000,2175000,2378000,2323000,2195000,1850000,1910000,1864000,1849000,1923000,2009000,646000,
Monaco,MCO,"International tourism, number of departures",ST.INT.DPRT,,,,,,,,,,,,,,,,,,,,,,,,,,,,,,,,,,,,,,,,,,,,,,,,,,,,,,,,,,,,,,
Moldova,MDA,"International tourism, number of departures",ST.INT.DPRT,,,,,,,,,,,,,,,,,,,,,,,,,,,,,,,,,,,,,,,,,,,,,,,,,,93300.00305,117199.9969,136100.0061,146800.0031,157600.0061,180600.0061,189800.0031,177000,229000,264000,311000,75000,
Madagascar,MDG,"International tourism, number of departures",ST.INT.DPRT,,,,,,,,,,,,,,,,,,,,,,,,,,,,,,,,,,,,39000,,,,,,,,,,,,,,,,,,,,,,,,,,
Maldives,MDV,"International tourism, number of departures",ST.INT.DPRT,,,,,,,,,,,,,,,,,,,,,,,,,,,,,,,,,,,,32000,32000,33000,37000,42000,42000,41000,43000,44000,61000,77000,74000,102000,123000,,,,,,,,,,,,,
Middle East & North Africa,MEA,"International tourism, number of departures",ST.INT.DPRT,,,,,,,,,,,,,,,,,,,,,,,,,,,,,,,,,,,,,,,,,,,,,,,,,,,,,,,,,,,,,,
Mexico,MEX,"International tourism, number of departures",ST.INT.DPRT,,,,,,,,,,,,,,,,,,,,,,,,,,,,,,,,,,,,103161000,103442000,107242000,107927000,117383000,127268000,123732000,124633000,123015000,128903000,128392000,122022000,109540000,107519000,98228000,91658000,88113000,87332000,90787000,90982000,94988000,97372000,94274000,86280000,82752000,36056000,
Marshall Islands,MHL,"International tourism, number of departures",ST.INT.DPRT,,,,,,,,,,,,,,,,,,,,,,,,,,,,,,,,,,,,,,,,,,,,,,,,,,,,,,,,,,,,,,
Middle income,MIC,"International tourism, number of departures",ST.INT.DPRT,,,,,,,,,,,,,,,,,,,,,,,,,,,,,,,,,,,,247152043.4,241631640.2,252142370.8,258373822.4,274313571.4,306243685.5,311083867.1,318157017.9,330252807.4,361477105.7,379523713.2,387914023.1,397553172.7,410031277,396188851.6,419234983,454402867.6,489487269.6,541727738.5,560270007,584542020.2,619488840.6,664720016.7,676540976.2,692705030.1,,
North Macedonia,MKD,"International tourism, number of departures",ST.INT.DPRT,,,,,,,,,,,,,,,,,,,,,,,,,,,,,,,,,,,,,,,,,,,,,,,,,,,,,,,,,,,,,,
Mali,MLI,"International tourism, number of departures",ST.INT.DPRT,,,,,,,,,,,,,,,,,,,,,,,,,,,,,,,,,,,,,,,,,,,,,,,,,,,,,,,,,,,,,,
Malta,MLT,"International tourism, number of departures",ST.INT.DPRT,,,,,,,,,,,,,,,,,,,,,,,,,,,,,,,,,,,,,,,,,,,,,,,,,292000,292000,328000,348000,368000,404000,430000,456000,550000,633000,728000,774000,218000,
Myanmar,MMR,"International tourism, number of departures",ST.INT.DPRT,,,,,,,,,,,,,,,,,,,,,,,,,,,,,,,,,,,,,,,,,,,,,,,,,,,,,,,,,,,,,,
Middle East & North Africa (excluding high income),MNA,"International tourism, number of departures",ST.INT.DPRT,,,,,,,,,,,,,,,,,,,,,,,,,,,,,,,,,,,,,,,,,,,,,,,,,,,,,,,,,,,,,,
Montenegro,MNE,"International tourism, number of departures",ST.INT.DPRT,,,,,,,,,,,,,,,,,,,,,,,,,,,,,,,,,,,,,,,,,,,,,,,,,,,,,,,,,,,,,,
Mongolia,MNG,"International tourism, number of departures",ST.INT.DPRT,,,,,,,,,,,,,,,,,,,,,,,,,,,,,,,,,,,,,,,,,,,,,,,,,,,,,,,,,,,,,,
Northern Mariana Islands,MNP,"International tourism, number of departures",ST.INT.DPRT,,,,,,,,,,,,,,,,,,,,,,,,,,,,,,,,,,,,,,,,,,,,,,,,,,,,,,,,,,,,,,
Mozambique,MOZ,"International tourism, number of departures",ST.INT.DPRT,,,,,,,,,,,,,,,,,,,,,,,,,,,,,,,,,,,,,,,,,,,,,,,,,,,,,,,,,,,,,,
Mauritania,MRT,"International tourism, number of departures",ST.INT.DPRT,,,,,,,,,,,,,,,,,,,,,,,,,,,,,,,,,,,,,,,,,,,,,,,,,,,,,,,,,,,,,,
Mauritius,MUS,"International tourism, number of departures",ST.INT.DPRT,,,,,,,,,,,,,,,,,,,,,,,,,,,,,,,,,,,,107000,120000,132000,143000,154000,163000,161000,162000,161000,180000,183000,186000,213000,226000,196000,212000,219000,237000,228000,223000,242000,260000,283000,296000,320000,65000,
Malawi,MWI,"International tourism, number of departures",ST.INT.DPRT,,,,,,,,,,,,,,,,,,,,,,,,,,,,,,,,,,,,,,,,,,,,,,,,,,,,,,,,,,,,,,
Malaysia,MYS,"International tourism, number of departures",ST.INT.DPRT,,,,,,,,,,,,,,,,,,,,,,,,,,,,,,,,,,,,20642000,23333000,26165000,25631000,26067000,30532000,36248000,29866000,32201000,30761000,,,,,,,,,,,,,,,,,
North America,NAC,"International tourism, number of departures",ST.INT.DPRT,,,,,,,,,,,,,,,,,,,,,,,,,,,,,,,,,,,,97468466.59,101118053.8,103327291.6,108958346.6,111304509.8,115824362.9,111587576.6,106504719.5,99923424.98,104905071.9,104333299.8,195429088.7,190429282.1,187919387.2,177467474.7,175226064.5,176030211.6,181537219.4,184781813.1,185469939,186369103.6,194540598.9,203037153.6,196550372.9,208814203,,
Namibia,NAM,"International tourism, number of departures",ST.INT.DPRT,,,,,,,,,,,,,,,,,,,,,,,,,,,,,,,,,,,,,,,,,,,,,,,,,,,,,,,,,,,,,,
New Caledonia,NCL,"International tourism, number of departures",ST.INT.DPRT,,,,,,,,,,,,,,,,,,,,,,,,,,,,,,,,,,,,59000,64000,63000,68000,69000,69000,68000,72000,78000,89000,96000,100000,106000,112000,119000,132000,124000,121000,121000,124000,127000,134000,135000,139000,144000,48000,
Niger,NER,"International tourism, number of departures",ST.INT.DPRT,,,,,,,,,,,,,,,,,,,,,,,,,,,,,,,,,,,,10000,10000,10000,10000,,,,,,,,,,,,,,,,,,,,,,,
Nigeria,NGA,"International tourism, number of departures",ST.INT.DPRT,,,,,,,,,,,,,,,,,,,,,,,,,,,,,,,,,,,,,,,,,,,,,,,,,,,,,,,,,,,,,,
Nicaragua,NIC,"International tourism, number of departures",ST.INT.DPRT,,,,,,,,,,,,,,,,,,,,,,,,,,,,,,,,,,,,255000,282000,330000,422000,452000,486000,499000,532000,562000,701000,740000,773000,949000,942000,858000,908000,912000,979000,994000,959000,925000,981000,982000,974000,949000,325000,
Netherlands,NLD,"International tourism, number of departures",ST.INT.DPRT,,,,,,,,,,,,,,,,,,,,,,,,,,,,,,,,,,,,12313000,12807000,12858000,13553000,14184000,13896000,14214000,16719000,16425000,17130000,17039000,16695000,17523000,18399000,18340000,18368000,18560000,18628000,18094000,17928000,17535000,18152000,20763000,20981000,22045000,,
Norway,NOR,"International tourism, number of departures",ST.INT.DPRT,,,,,,,,,,,,,,,,,,,,,,,,,,,,,,,,,,,,590000,692000,753000,,2271000,2394000,2348000,2629000,2588000,2960000,3166000,3236000,3395000,,6640000,7590000,8130000,9250000,9280000,9190000,8750000,8030000,8170000,8110000,8890000,1690000,
Nepal,NPL,"International tourism, number of departures",ST.INT.DPRT,,,,,,,,,,,,,,,,,,,,,,,,,,,,,,,,,,,,100000,119000,132000,122000,125000,155000,200000,238000,258000,286000,373000,415000,469000,561000,589000,765000,774000,862000,983000,,,,1197000,,,,
Nauru,NRU,"International tourism, number of departures",ST.INT.DPRT,,,,,,,,,,,,,,,,,,,,,,,,,,,,,,,,,,,,,,,,,,,,,,,,,,,,,,,,,,,,,,
New Zealand,NZL,"International tourism, number of departures",ST.INT.DPRT,,,,,,,,,,,,,,,,,,,,,,,,,,,,,,,,,,,,920000,1093000,1132000,1166000,1185000,1283000,1287000,1293000,1374000,1733000,1872000,1861000,1978000,1967000,1918000,2026000,2096000,2172000,2197000,2276000,2412000,2611000,2853000,3038000,3225000,511000,
OECD members,OED,"International tourism, number of departures",ST.INT.DPRT,,,,,,,,,,,,,,,,,,,,,,,,,,,,,,,,,,,,,,573108294.3,605825498.1,642904827.8,679677027.6,667042369,662519504.1,657584572.5,680025751,700513025.6,783842500.7,782447672.3,788079466.3,746445148.5,750725208.9,756246597.7,767313596.5,786624578.6,780358507.9,813932356.3,849355803.6,897596488.5,922286548.2,936358201.3,,
Oman,OMN,"International tourism, number of departures",ST.INT.DPRT,,,,,,,,,,,,,,,,,,,,,,,,,,,,,,,,,,,,,,,,,,,,,,2496000,2664000,2945000,3100000,2470000,2829000,3341000,3972000,4301000,4727000,5424000,5902000,6368000,5975000,6633000,1657000,
Other small states,OSS,"International tourism, number of departures",ST.INT.DPRT,,,,,,,,,,,,,,,,,,,,,,,,,,,,,,,,,,,,,,,,,,,,,,,,,,,,,,,,,,,,,,
Pakistan,PAK,"International tourism, number of departures",ST.INT.DPRT,,,,,,,,,,,,,,,,,,,,,,,,,,,,,,,,,,,,,,,,,,,,,,,,,,,,,,,,,,,,,,
Panama,PAN,"International tourism, number of departures",ST.INT.DPRT,,,,,,,,,,,,,,,,,,,,,,,,,,,,,,,,,,,,185000,188000,194000,211000,221000,216000,200000,200000,227000,256000,285000,284000,314000,369000,336000,392000,414000,447000,619000,853000,965000,1051000,869000,1020000,1226000,401000,
Peru,PER,"International tourism, number of departures",ST.INT.DPRT,,,,,,,,,,,,,,,,,,,,,,,,,,,,,,,,,,,,508000,510000,577000,538000,513000,730000,1060000,1232000,1433000,1635000,1841000,1857000,1915000,1913000,1891000,2058000,2132000,2296000,2364000,2442000,2595000,2751000,2875000,3078000,3275000,791000,
Philippines,PHL,"International tourism, number of departures",ST.INT.DPRT,,,,,,,,,,,,,,,,,,,,,,,,,,,,,,,,,,,,1615000,2121000,1930000,1817000,1755000,1670000,1787000,1969000,1803000,1920000,2144000,2745000,3066000,3355000,3188000,,,,,3488000,5115000,5703000,,,,1483000,
Palau,PLW,"International tourism, number of departures",ST.INT.DPRT,,,,,,,,,,,,,,,,,,,,,,,,,,,,,,,,,,,,,,,9000,,,,,,,,,,,,,,,,,,,,,,,
Papua New Guinea,PNG,"International tourism, number of departures",ST.INT.DPRT,,,,,,,,,,,,,,,,,,,,,,,,,,,,,,,,,,,,51000,,64000,65000,58000,52000,38000,92000,,,,,,,,,,,,,,,,,,,
Poland,POL,"International tourism, number of departures",ST.INT.DPRT,,,,,,,,,,,,,,,,,,,,,,,,,,,,,,,,,,,,36387000,44713000,48610000,49328000,55097000,56677000,53122000,45043000,38730000,37226000,40841000,44696000,47561000,50243000,39270000,42760000,43270000,48290000,52580000,35400000,44300000,44500000,46700000,48600000,50600000,,
Pre-demographic dividend,PRE,"International tourism, number of departures",ST.INT.DPRT,,,,,,,,,,,,,,,,,,,,,,,,,,,,,,,,,,,,,,,,,,,,,,,,,,,,,,,,,,,,,,
Puerto Rico,PRI,"International tourism, number of departures",ST.INT.DPRT,,,,,,,,,,,,,,,,,,,,,,,,,,,,,,,,,,,,1237000,1184000,1251000,1250000,1134000,1259000,1331000,1227000,1272000,1361000,1410000,1468000,1441000,1438000,1116000,980000,924000,876000,839000,793000,746000,789000,792000,,,,
"Korea, Dem. People's Rep.",PRK,"International tourism, number of departures",ST.INT.DPRT,,,,,,,,,,,,,,,,,,,,,,,,,,,,,,,,,,,,,,,,,,,,,,,,,,,,,,,,,,,,,,
Portugal,PRT,"International tourism, number of departures",ST.INT.DPRT,,,,,,,,,,,,,,,,,,,,,,,,,,,,,,,,,,,,,,,,,,,,,,,,,,,,,1361000,1490000,1502000,1893000,1941000,2195000,2486000,3100000,680000,
Paraguay,PRY,"International tourism, number of departures",ST.INT.DPRT,,,,,,,,,,,,,,,,,,,,,,,,,,,,,,,,,,,,427000,418000,369000,318000,281000,175000,157000,141000,153000,170000,188000,210000,242000,278000,288000,302000,347000,400000,440000,426000,1008000,1503000,1548000,1266000,1192000,214000,
West Bank and Gaza,PSE,"International tourism, number of departures",ST.INT.DPRT,,,,,,,,,,,,,,,,,,,,,,,,,,,,,,,,,,,,,,,,,,,,,,,,,,,,,,,,,,,,,,
Pacific island small states,PSS,"International tourism, number of departures",ST.INT.DPRT,,,,,,,,,,,,,,,,,,,,,,,,,,,,,,,,,,,,,,,,,,,,,,,,,,,,,,,,,,,,,,
Post-demographic dividend,PST,"International tourism, number of departures",ST.INT.DPRT,,,,,,,,,,,,,,,,,,,,,,,,,,,,,,,,,,,,,,,500282571.6,526129612.3,557051074.3,555272074.8,567795804.7,567029753.8,594526471.9,613392162.7,709156453.3,726390766,731319795.2,711235050.2,719820891.3,734161121.6,745568404.8,758156232.3,763952881.9,788114608.2,825414522.1,874808571.4,905881478.5,928930206.2,,
French Polynesia,PYF,"International tourism, number of departures",ST.INT.DPRT,,,,,,,,,,,,,,,,,,,,,,,,,,,,,,,,,,,,63000,65000,,,,,,,,,,,,,88000,89000,84000,83000,,48000,55000,48000,55000,47000,63000,12000,
Qatar,QAT,"International tourism, number of departures",ST.INT.DPRT,,,,,,,,,,,,,,,,,,,,,,,,,,,,,,,,,,,,,,,,,,,,,,,,,,,,,,,,,,,,,,
Romania,ROU,"International tourism, number of departures",ST.INT.DPRT,,,,,,,,,,,,,,,,,,,,,,,,,,,,,,,,,,,,5737000,5748000,6243000,6893000,6274000,6388000,6408000,5757000,6497000,6972000,7140000,8906000,10980000,13072000,11723000,10905000,10936000,11149000,11364000,12299000,13118000,16128000,19953000,21039000,23066000,9510000,
Russian Federation,RUS,"International tourism, number of departures",ST.INT.DPRT,,,,,,,,,,,,,,,,,,,,,,,,,,,,,,,,,,,,21329000,12260000,11182000,10635000,12631000,18371000,18030000,20428000,20572000,24507000,28416000,29107000,34285000,36538000,34276000,39323000,43726000,47813000,54069000,45889000,34550000,31659000,39629000,41964000,45330000,12361000,
Rwanda,RWA,"International tourism, number of departures",ST.INT.DPRT,,,,,,,,,,,,,,,,,,,,,,,,,,,,,,,,,,,,,,,,,,,,,,,,,,,,,,,,,,,,,,
South Asia,SAS,"International tourism, number of departures",ST.INT.DPRT,,,,,,,,,,,,,,,,,,,,,,,,,,,,,,,,,,,,5180862.042,5751421.373,6058469.367,6278444.049,6739016.039,7177819.702,7315303.878,7919088.552,8739410.803,10087901.43,11604810.18,13066725.25,15516234.99,15344379.77,17197962.35,19412317.08,20968725.15,22344747.15,23509162.41,25813028.78,28561108.98,30648125.41,33358092.59,36499131.17,37266648.54,,
Saudi Arabia,SAU,"International tourism, number of departures",ST.INT.DPRT,,,,,,,,,,,,,,,,,,,,,,,,,,,,,,,,,,,,,,,,,,,,,4234000,5009000,2336000,4817000,4705000,6467000,18625000,15865399.41,20084259.77,22535457.03,22322601.56,25054000,27618000,28748000,27425000,27196000,,
Sudan,SDN,"International tourism, number of departures",ST.INT.DPRT,,,,,,,,,,,,,,,,,,,,,,,,,,,,,,,,,,,,195000,,,,,,,,,,,,,,,,,,,,,,,,,,
Senegal,SEN,"International tourism, number of departures",ST.INT.DPRT,,,,,,,,,,,,,,,,,,,,,,,,,,,,,,,,,,,,,,,,,,,,,,,,,,,,,,,,,,,,,,
Singapore,SGP,"International tourism, number of departures",ST.INT.DPRT,,,,,,,,,,,,,,,,,,,,,,,,,,,,,,,,,,,,2867000,3305000,3671000,3745000,3971000,4444000,4363000,4399000,4221000,5165000,5159000,5533000,6024000,6828000,6961000,7342000,7753000,8048000,8647000,8903000,9125000,9474000,9889000,10378000,10711000,1543000,
Solomon Islands,SLB,"International tourism, number of departures",ST.INT.DPRT,,,,,,,,,,,,,,,,,,,,,,,,,,,,,,,,,,,,,,,,,,,,,,,,,,,,,,,,,,,,,,
Sierra Leone,SLE,"International tourism, number of departures",ST.INT.DPRT,,,,,,,,,,,,,,,,,,,,,,,,,,,,,,,,,,,,,,6000,7000,13000,13000,20000,27000,13000,28000,63000,67000,71000,73000,72000,76000,99000,104000,111000,93000,61000,92000,110000,112000,122000,,
El Salvador,SLV,"International tourism, number of departures",ST.INT.DPRT,,,,,,,,,,,,,,,,,,,,,,,,,,,,,,,,,,,,348000,492000,627000,868000,787000,923000,933000,1001000,940000,1079000,1239000,1242000,1012000,,1345000,1421000,1469000,1462000,1515000,1515000,1618000,1804000,1871000,1788000,1899000,515000,
San Marino,SMR,"International tourism, number of departures",ST.INT.DPRT,,,,,,,,,,,,,,,,,,,,,,,,,,,,,,,,,,,,,,,,,,,,,,,,,,,,,,,,,,,,,,
Somalia,SOM,"International tourism, number of departures",ST.INT.DPRT,,,,,,,,,,,,,,,,,,,,,,,,,,,,,,,,,,,,,,,,,,,,,,,,,,,,,,,,,,,,,,
Serbia,SRB,"International tourism, number of departures",ST.INT.DPRT,,,,,,,,,,,,,,,,,,,,,,,,,,,,,,,,,,,,,,,,,,,,,,,,,,,,,,,,,,,,,,
Sub-Saharan Africa (excluding high income),SSA,"International tourism, number of departures",ST.INT.DPRT,,,,,,,,,,,,,,,,,,,,,,,,,,,,,,,,,,,,,,,,,,,,,,,,,,,,,,,,,,,,,,
South Sudan,SSD,"International tourism, number of departures",ST.INT.DPRT,,,,,,,,,,,,,,,,,,,,,,,,,,,,,,,,,,,,,,,,,,,,,,,,,,,,,,,,,,,,,,
Sub-Saharan Africa,SSF,"International tourism, number of departures",ST.INT.DPRT,,,,,,,,,,,,,,,,,,,,,,,,,,,,,,,,,,,,,,,,,,,,,,,,,,,,,,,,,,,,,,
Small states,SST,"International tourism, number of departures",ST.INT.DPRT,,,,,,,,,,,,,,,,,,,,,,,,,,,,,,,,,,,,,,,,,,,,,,,,,,,,,,,,,,,,,,
Sao Tome and Principe,STP,"International tourism, number of departures",ST.INT.DPRT,,,,,,,,,,,,,,,,,,,,,,,,,,,,,,,,,,,,,,,,,,,,,,,,8600.000381,10300.00019,,,,,,,,,,,,,
Suriname,SUR,"International tourism, number of departures",ST.INT.DPRT,,,,,,,,,,,,,,,,,,,,,,,,,,,,,,,,,,,,,,,,,,,,,,,,,,,,,,,,,,,,,,
Slovak Republic,SVK,"International tourism, number of departures",ST.INT.DPRT,,,,,,,,,,,,,,,,,,,,,,,,,,,,,,,,,,,,,,,,,,,,,,2987000,3149000,3603000,3683000,3230000,2692000,3285000,2689000,2129000,2406000,2777000,3095000,3870000,4662000,5214000,,
Slovenia,SVN,"International tourism, number of departures",ST.INT.DPRT,,,,,,,,,,,,,,,,,,,,,,,,,,,,,,,,,,,,,,,,,,,,,,6736000,6814000,5569000,5490000,5575000,5340000,5073000,4465000,4440000,4672000,4909000,5408000,5410000,5409000,6049000,1892000,
Sweden,SWE,"International tourism, number of departures",ST.INT.DPRT,,,,,,,,,,,,,,,,,,,,,,,,,,,,,,,,,,,,,,,,,,,,,,,,,,,,,,,,,,22121000,19939000,19061000,6081000,
Eswatini,SWZ,"International tourism, number of departures",ST.INT.DPRT,,,,,,,,,,,,,,,,,,,,,,,,,,,,,,,,,,,,,,,,,,,,,,1082000,1072000,1130000,1177000,1245000,1141000,1264000,1403000,1573000,1657000,1713000,1789000,1751000,1717000,1721000,488000,
Sint Maarten (Dutch part),SXM,"International tourism, number of departures",ST.INT.DPRT,,,,,,,,,,,,,,,,,,,,,,,,,,,,,,,,,,,,,,,,,,,,,,,,,,,,,,,,,,,,,,
Seychelles,SYC,"International tourism, number of departures",ST.INT.DPRT,,,,,,,,,,,,,,,,,,,,,,,,,,,,,,,,,,,,31000,29000,30000,31000,32000,36000,41000,53000,50000,48000,52000,55000,58000,54000,49000,59000,48000,45000,47000,50000,56000,68000,74000,72000,76000,19000,
Syrian Arab Republic,SYR,"International tourism, number of departures",ST.INT.DPRT,,,,,,,,,,,,,,,,,,,,,,,,,,,,,,,,,,,,1746000,1871000,2299000,2411000,2994000,3863000,3492000,3299000,3997000,4309000,4564000,4042000,4196000,5253000,5215000,6259000,,,,,,,,,,,
Turks and Caicos Islands,TCA,"International tourism, number of departures",ST.INT.DPRT,,,,,,,,,,,,,,,,,,,,,,,,,,,,,,,,,,,,,,,,,,,,,,,,,,,,,,,,,,,,,,
Chad,TCD,"International tourism, number of departures",ST.INT.DPRT,,,,,,,,,,,,,,,,,,,,,,,,,,,,,,,,,,,,,,,,,,,,,,,,,58000,66000,39000,76000,79000,,,,56000,52000,,,5500,
East Asia & Pacific (IDA & IBRD countries),TEA,"International tourism, number of departures",ST.INT.DPRT,,,,,,,,,,,,,,,,,,,,,,,,,,,,,,,,,,,,18266208.57,20667597.47,22403418.59,23806450.7,24718026.03,28433416.03,33192114.13,32773176.55,36379886.77,41526785.58,45087027.35,51153567.78,59704120.37,65407741.29,67057893.79,80833199.94,96258329.79,112438994.7,131359279.2,153425771.7,168142535.8,178896138,189774542,199745794.7,207926772.2,,
Europe & Central Asia (IDA & IBRD countries),TEC,"International tourism, number of departures",ST.INT.DPRT,,,,,,,,,,,,,,,,,,,,,,,,,,,,,,,,,,,,,,103902240.6,105590705.7,115387853.3,126523625.6,120107914.5,116180036,111527590.9,118880525.4,131897897.9,142195981.6,154147831.7,161440288.6,147862320.9,159956286.4,173796366.8,187912955,207108018.7,178269883,180141229.3,181773707,204344687.1,218948144.6,230131574.3,,
Togo,TGO,"International tourism, number of departures",ST.INT.DPRT,,,,,,,,,,,,,,,,,,,,,,,,,,,,,,,,,,,,,,,,,,,,,,,,,,,,,,,,,191000,216000,236000,269000,,
Thailand,THA,"International tourism, number of departures",ST.INT.DPRT,,,,,,,,,,,,,,,,,,,,,,,,,,,,,,,,,,,,1820000,1845000,1660000,1412000,1655000,1909000,2011000,2250000,2152000,2709000,3047000,3382000,4018000,3908000,4653000,5451000,5397000,5721000,5970000,6444000,6794000,8204000,8963000,9966000,10446000,,
Tajikistan,TJK,"International tourism, number of departures",ST.INT.DPRT,,,,,,,,,,,,,,,,,,,,,,,,,,,,,,,,,,,,,,,,4099.999905,6400.000095,2700.000048,,,,,,,,,,,15000,15000,19000,16000,22000,31000,31000,,,
Turkmenistan,TKM,"International tourism, number of departures",ST.INT.DPRT,,,,,,,,,,,,,,,,,,,,,,,,,,,,,,,,,,,,21000,29000,31000,357000,,78000,111000,79000,34000,32000,33000,33000,38000,,,,,,,,,,,,,,
Latin America & the Caribbean (IDA & IBRD countries),TLA,"International tourism, number of departures",ST.INT.DPRT,,,,,,,,,,,,,,,,,,,,,,,,,,,,,,,,,,,,121070365.9,122936270,127736934.3,129518304.9,138591069.9,150447226.4,146275813.7,147227984,146648261.2,154187895.5,155775205.4,150244605.8,139215149.1,138747910.1,128358406.5,124763533.8,126189114.5,128321824.5,135844979.6,137786239.7,146490002.1,154854095.3,156386723.3,145817951.5,139218767.5,,
Timor-Leste,TLS,"International tourism, number of departures",ST.INT.DPRT,,,,,,,,,,,,,,,,,,,,,,,,,,,,,,,,,,,,,,,,,,,,,,,,,,,,,,,,,,,,,,
Middle East & North Africa (IDA & IBRD countries),TMN,"International tourism, number of departures",ST.INT.DPRT,,,,,,,,,,,,,,,,,,,,,,,,,,,,,,,,,,,,,,,,,,,,,,,,,,,,,,,,,,,,,,
Tonga,TON,"International tourism, number of departures",ST.INT.DPRT,,,,,,,,,,,,,,,,,,,,,,,,,,,,,,,,,,,,,,,,,,,,,,,,,,,,,,,,,,,,,,
South Asia (IDA & IBRD),TSA,"International tourism, number of departures",ST.INT.DPRT,,,,,,,,,,,,,,,,,,,,,,,,,,,,,,,,,,,,5104212.178,5666330.193,5968835.47,6185555.668,6639313.584,7071625.23,7207075.355,7801927.15,8610112.89,9938652.858,11433119.23,12873405.55,15286675.26,15117362.6,16943521.78,19125115.55,20658496.87,22014160.89,23161348.84,25431129.95,28138552.83,30194692.25,32864565.98,35959133.49,36715295.6,,
Sub-Saharan Africa (IDA & IBRD countries),TSS,"International tourism, number of departures",ST.INT.DPRT,,,,,,,,,,,,,,,,,,,,,,,,,,,,,,,,,,,,,,,,,,,,,,,,,,,,,,,,,,,,,,
Trinidad and Tobago,TTO,"International tourism, number of departures",ST.INT.DPRT,,,,,,,,,,,,,,,,,,,,,,,,,,,,,,,,,,,,261000,248000,,,,,,,,,,,,,270000,273000,,,,,,,,,,,
Tunisia,TUN,"International tourism, number of departures",ST.INT.DPRT,,,,,,,,,,,,,,,,,,,,,,,,,,,,,,,,,,,,1778000,1428000,1381000,1526000,1480000,1632000,1669000,1939000,2274000,2312000,2241000,2302000,2743000,3118000,2623000,2250000,2303000,2897000,2873000,2637000,,1830000,,2515000,2781000,739000,
Turkiye,TUR,"International tourism, number of departures",ST.INT.DPRT,,,,,,,,,,,,,,,,,,,,,,,,,,,,,,,,,,,,3981000,4261000,4633000,4601000,4758000,5284000,4856000,5131000,5928000,7299000,8246000,8275000,4956000,4893000,5561000,6557000,6282000,5803000,7526000,7982000,8751000,7892000,8887000,8383000,9651000,2243000,
Tuvalu,TUV,"International tourism, number of departures",ST.INT.DPRT,,,,,,,,,,,,,,,,,,,,,,,,,,,,,,,,,,,,,,,1899.999976,2200.000048,2900.000095,2799.999952,2700.000048,2599.999905,2299.999952,2200.000048,2000,2400.000095,,,,2099.999905,,,,,,,,,,
Tanzania,TZA,"International tourism, number of departures",ST.INT.DPRT,,,,,,,,,,,,,,,,,,,,,,,,,,,,,,,,,,,,157000,148000,,,,,,,,,,,,,,,,,,,,,,,,,
Uganda,UGA,"International tourism, number of departures",ST.INT.DPRT,,,,,,,,,,,,,,,,,,,,,,,,,,,,,,,,,,,,,,148000,241000,327000,153000,152000,184000,189000,231000,189000,254000,272000,337000,311000,324000,367000,469000,471000,511000,523000,568000,,,,,
Ukraine,UKR,"International tourism, number of departures",ST.INT.DPRT,,,,,,,,,,,,,,,,,,,,,,,,,,,,,,,,,,,,,,,,,,,,,,,,17866000,16100000,15961000,17741000,20335000,21755000,23988000,22637000,23336000,25226000,27067000,27977000,29346000,11251000,
Upper middle income,UMC,"International tourism, number of departures",ST.INT.DPRT,,,,,,,,,,,,,,,,,,,,,,,,,,,,,,,,,,,,173324641.8,168856922,176481949.8,180365853.1,191743121.3,214986549.5,217718328.5,221251780.1,228983477.6,250002201.9,260450506,263308137.5,265937982.2,276363701.2,266022166.8,280739180.6,301908358.9,324451951.4,359284803.4,373138094.9,385909895,404756512.8,433512501.2,435778612.8,444865191.8,,
Uruguay,URY,"International tourism, number of departures",ST.INT.DPRT,,,,,,,,,,,,,,,,,,,,,,,,,,,,,,,,,,,,,,562000,654000,778000,667000,531000,530000,495000,569000,658000,666000,635000,734000,826000,1027000,1534000,1816000,2281000,2396000,2217000,1715000,1789000,1947000,2199000,,
United States,USA,"International tourism, number of departures",ST.INT.DPRT,,,,,,,,,,,,,,,,,,,,,,,,,,,,,,,,,,,,74031000,76803000,78481000,82758000,84540000,87973000,84755000,80883000,75880000,79655000,79215000,148511000,140364000,136148000,129954000,121574000,114089000,116329000,118968000,121699000,130364000,141526000,148045000,158445406.3,170930093.8,60549898.44,
Uzbekistan,UZB,"International tourism, number of departures",ST.INT.DPRT,,,,,,,,,,,,,,,,,,,,,,,,,,,,,,,,,,,,,,246000,247000,202000,217000,183000,264000,400000,455000,572000,893000,1248000,1150000,1317000,1610000,,,3117000,2786000,3491000,3848000,5182000,8594000,8437000,,
St. Vincent and the Grenadines,VCT,"International tourism, number of departures",ST.INT.DPRT,,,,,,,,,,,,,,,,,,,,,,,,,,,,,,,,,,,,,,,,,,,,,,,,,,,,,,,,,,,,,,
"Venezuela, RB",VEN,"International tourism, number of departures",ST.INT.DPRT,,,,,,,,,,,,,,,,,,,,,,,,,,,,,,,,,,,,534000,511000,460000,752000,754000,954000,933000,881000,832000,816000,1067000,1095000,1410000,1745000,1651000,1477000,1719000,1734000,1931000,1589000,1539000,1530000,1079000,,,,
British Virgin Islands,VGB,"International tourism, number of departures",ST.INT.DPRT,,,,,,,,,,,,,,,,,,,,,,,,,,,,,,,,,,,,,,,,,,,,,,,171000,166000,166000,140000,151000,145000,139000,,,,,,,,,
Virgin Islands (U.S.),VIR,"International tourism, number of departures",ST.INT.DPRT,,,,,,,,,,,,,,,,,,,,,,,,,,,,,,,,,,,,,,,,,,,,,,,,,,,,,,,,,,,,,,
Vietnam,VNM,"International tourism, number of departures",ST.INT.DPRT,,,,,,,,,,,,,,,,,,,,,,,,,,,,,,,,,,,,,,,,,,,,,,,,,,,,,,,,,,,,,,
Vanuatu,VUT,"International tourism, number of departures",ST.INT.DPRT,,,,,,,,,,,,,,,,,,,,,,,,,,,,,,,,,,,,11000,11000,11000,12000,12000,12000,11000,11000,12000,13000,14000,15000,16000,19000,20000,21000,22000,23000,26000,26000,27000,20299.99924,26299.99924,28399.99962,36400.00153,9399.999619,
World,WLD,"International tourism, number of departures",ST.INT.DPRT,,,,,,,,,,,,,,,,,,,,,,,,,,,,,,,,,,,,,,930066023.1,982125955.1,1043185311,1122419167,1121398704,1127808612,1130457014,1201164309,1254803572,1383150802,1425571396,1453143997,1397423334,1457015080,1504559276,1564352745,1641229336,1651310269,1744980358,1820356515,1934268135,1991161437,2034431899,,
Samoa,WSM,"International tourism, number of departures",ST.INT.DPRT,,,,,,,,,,,,,,,,,,,,,,,,,,,,,,,,,,,,,,,,58000,61000,56000,53000,51000,54000,52000,51000,52000,53000,43000,56000,57000,56000,51000,57000,54000,,55000,64000,69000,18500,
Kosovo,XKX,"International tourism, number of departures",ST.INT.DPRT,,,,,,,,,,,,,,,,,,,,,,,,,,,,,,,,,,,,,,,,,,,,,,,,,,,,,,,,,,,,,,
"Yemen, Rep.",YEM,"International tourism, number of departures",ST.INT.DPRT,,,,,,,,,,,,,,,,,,,,,,,,,,,,,,,,,,,,,,,,,,,,,,,,,,,,,,,,,,,,,,
South Africa,ZAF,"International tourism, number of departures",ST.INT.DPRT,,,,,,,,,,,,,,,,,,,,,,,,,,,,,,,,,,,,,,,,,,,,,,,,,,,,,,,,,,,,,,
Zambia,ZMB,"International tourism, number of departures",ST.INT.DPRT,,,,,,,,,,,,,,,,,,,,,,,,,,,,,,,,,,,,,,,,,,,,,,,,,,,,,,,,,,,,,,
Zimbabwe,ZWE,"International tourism, number of departures",ST.INT.DPRT,,,,,,,,,,,,,,,,,,,,,,,,,,,,,,,,,,,,256000,69000,123000,213000,331000,,,,386000,498000,474000,541000,547000,593000,631000,650000,693000,720000,2946000,3182000,3393000,3192000,2768000,2288000,3275000,,
